DATASET,TRAIN_RELEASES,%TRAIN_INSTANCES,CLASSIFIER,FEATURE_SELECTION,BALANCING,COST_SENSITIVE,PRECISION,RECALL,AUC,KAPPA,TP,FP,TN,FN,NPOFB20,COST
STORM,1,66.27497062279672,RandomForest,false,false,false,NaN,0.0,0.5,0.0,0.0,0.0,540.0,34.0,0.38235294117647056,340
STORM,1,66.27497062279672,RandomForest,true,false,false,NaN,0.0,0.5,0.0,0.0,0.0,540.0,34.0,0.38235294117647056,340
STORM,1,66.27497062279672,RandomForest,true,true,false,NaN,0.0,0.5,0.0,0.0,0.0,540.0,34.0,0.38235294117647056,340
STORM,1,66.27497062279672,RandomForest,true,false,true,NaN,0.0,0.5,0.0,0.0,0.0,540.0,34.0,0.38235294117647056,340
STORM,1,66.27497062279672,NaiveBayes,false,false,false,0.0,0.0,0.21688453159041393,-0.06579842041947763,0.0,37.0,503.0,34.0,0.20588235294117646,377
STORM,1,66.27497062279672,NaiveBayes,true,false,false,NaN,0.0,0.25217864923747274,0.0,0.0,0.0,540.0,34.0,0.38235294117647056,340
STORM,1,66.27497062279672,NaiveBayes,true,true,false,NaN,0.0,0.25217864923747274,0.0,0.0,0.0,540.0,34.0,0.38235294117647056,340
STORM,1,66.27497062279672,NaiveBayes,true,false,true,NaN,0.0,0.25217864923747274,0.0,0.0,0.0,540.0,34.0,0.38235294117647056,340
STORM,1,66.27497062279672,IBk,false,false,false,NaN,0.0,0.7475217864923748,0.0,0.0,0.0,540.0,34.0,0.5882352941176471,340
STORM,1,66.27497062279672,IBk,true,false,false,NaN,0.0,0.7663671023965142,0.0,0.0,0.0,540.0,34.0,0.5882352941176471,340
STORM,1,66.27497062279672,IBk,true,true,false,NaN,0.0,0.7663671023965142,0.0,0.0,0.0,540.0,34.0,0.5882352941176471,340
STORM,1,66.27497062279672,IBk,true,false,true,NaN,0.0,0.7663671023965142,0.0,0.0,0.0,540.0,34.0,0.5882352941176471,340
STORM,2,71.12411199331383,RandomForest,false,false,false,0.7833333333333333,0.47,0.7917174280879865,0.5372767857142854,47.0,13.0,578.0,53.0,0.37373737373737376,543
STORM,2,71.12411199331383,RandomForest,true,false,false,0.14742014742014742,0.6,0.5974280879864636,0.0056518812956194465,60.0,347.0,244.0,40.0,0.26262626262626265,747
STORM,2,71.12411199331383,RandomForest,true,true,false,0.1759465478841871,0.79,0.680989847715736,0.06692245794466756,79.0,370.0,221.0,21.0,0.30303030303030304,580
STORM,2,71.12411199331383,RandomForest,true,false,true,NaN,0.0,0.5403976311336718,0.0,0.0,0.0,591.0,100.0,0.24242424242424243,1000
STORM,2,71.12411199331383,NaiveBayes,false,false,false,0.024793388429752067,0.09,0.20344331641285957,-0.24324291542171897,9.0,354.0,237.0,91.0,0.10101010101010101,1264
STORM,2,71.12411199331383,NaiveBayes,true,false,false,0.12106537530266344,0.5,0.6027072758037225,-0.04965371133906864,50.0,363.0,228.0,50.0,0.3434343434343434,863
STORM,2,71.12411199331383,NaiveBayes,true,true,false,0.15242494226327943,0.66,0.6253807106598985,0.016371852624927675,66.0,367.0,224.0,34.0,0.31313131313131315,707
STORM,2,71.12411199331383,NaiveBayes,true,false,true,1.0,0.07,0.6027072758037225,0.11406592497621887,7.0,0.0,591.0,93.0,0.36363636363636365,930
STORM,2,71.12411199331383,IBk,false,false,false,0.8028169014084507,0.57,0.7834771573604061,0.6211367724435126,57.0,14.0,577.0,43.0,0.48484848484848486,444
STORM,2,71.12411199331383,IBk,true,false,false,0.14532019704433496,0.59,0.4928087986463621,0.0012590986641633744,59.0,347.0,244.0,41.0,0.23232323232323232,757
STORM,2,71.12411199331383,IBk,true,true,false,0.1552511415525114,0.68,0.5043147208121828,0.022438220989731097,68.0,370.0,221.0,32.0,0.26262626262626265,690
STORM,2,71.12411199331383,IBk,true,false,true,0.14532019704433496,0.59,0.4928087986463621,0.0012590986641633744,59.0,347.0,244.0,41.0,0.23232323232323232,757
STORM,3,53.22508896797153,RandomForest,false,false,false,0.7272727272727273,0.07142857142857142,0.7103192042763866,0.12171503288382353,8.0,3.0,1988.0,104.0,0.5446428571428571,1043
STORM,3,53.22508896797153,RandomForest,true,false,false,0.27631578947368424,0.1875,0.6600797338021095,0.18846011524026032,21.0,55.0,1936.0,91.0,0.4642857142857143,965
STORM,3,53.22508896797153,RandomForest,true,true,false,0.3394495412844037,0.33035714285714285,0.8063450706751811,0.29796047208224424,37.0,72.0,1919.0,75.0,0.5267857142857143,822
STORM,3,53.22508896797153,RandomForest,true,false,true,0.6666666666666666,0.07142857142857142,0.7609331276458349,0.11996094294880763,8.0,4.0,1987.0,104.0,0.4774774774774775,1044
STORM,3,53.22508896797153,NaiveBayes,false,false,false,0.5714285714285714,0.21428571428571427,0.8293862560091841,0.29109504092808425,24.0,18.0,1973.0,88.0,0.5357142857142857,898
STORM,3,53.22508896797153,NaiveBayes,true,false,false,0.1111111111111111,0.008928571428571428,0.8418620398938078,0.008675088236341779,1.0,8.0,1983.0,111.0,0.375,1118
STORM,3,53.22508896797153,NaiveBayes,true,true,false,0.21787709497206703,0.3482142857142857,0.8447208868479587,0.2167214278594871,39.0,140.0,1851.0,73.0,0.35714285714285715,870
STORM,3,53.22508896797153,NaiveBayes,true,false,true,0.125,0.008928571428571428,0.8418620398938078,0.009634111299127184,1.0,7.0,1984.0,111.0,0.3482142857142857,1117
STORM,3,53.22508896797153,IBk,false,false,false,0.125,0.008928571428571428,0.7404615412212098,0.009634111299127184,1.0,7.0,1984.0,111.0,0.41964285714285715,1117
STORM,3,53.22508896797153,IBk,true,false,false,0.2876712328767123,0.1875,0.7556750914831025,0.19311355154103896,21.0,52.0,1939.0,91.0,0.4107142857142857,962
STORM,3,53.22508896797153,IBk,true,true,false,0.30526315789473685,0.25892857142857145,0.6136341214034584,0.24319813738253016,29.0,66.0,1925.0,83.0,0.44642857142857145,896
STORM,3,53.22508896797153,IBk,true,false,true,0.2876712328767123,0.1875,0.7556750914831025,0.19311355154103896,21.0,52.0,1939.0,91.0,0.4107142857142857,962
STORM,4,59.8270126413839,RandomForest,false,false,false,0.2328767123287671,0.10897435897435898,0.6545928602774569,0.11946303705642651,17.0,56.0,2807.0,139.0,0.4230769230769231,1446
STORM,4,59.8270126413839,RandomForest,true,false,false,0.21138211382113822,0.16666666666666666,0.6316050493923354,0.14754112634885086,26.0,97.0,2766.0,130.0,0.4166666666666667,1397
STORM,4,59.8270126413839,RandomForest,true,true,false,0.10977443609022557,0.46794871794871795,0.6507664096294903,0.10272205023162591,73.0,592.0,2271.0,83.0,0.4551282051282051,1422
STORM,4,59.8270126413839,RandomForest,true,false,true,0.6666666666666666,0.01282051282051282,0.6331611542491739,0.02325265871400686,2.0,1.0,2862.0,154.0,0.3974358974358974,1541
STORM,4,59.8270126413839,NaiveBayes,false,false,false,0.2717391304347826,0.16025641025641027,0.6851294589680897,0.1697842246197265,25.0,67.0,2796.0,131.0,0.46153846153846156,1377
STORM,4,59.8270126413839,NaiveBayes,true,false,false,0.22413793103448276,0.08333333333333333,0.6699221723671601,0.0961797538098956,13.0,45.0,2818.0,143.0,0.5769230769230769,1475
STORM,4,59.8270126413839,NaiveBayes,true,true,false,0.16129032258064516,0.19230769230769232,0.6649918948207457,0.1263338074391516,30.0,156.0,2707.0,126.0,0.3717948717948718,1416
STORM,4,59.8270126413839,NaiveBayes,true,false,true,0.24444444444444444,0.07051282051282051,0.6699221723671601,0.088360080232262,11.0,34.0,2829.0,145.0,0.5576923076923077,1484
STORM,4,59.8270126413839,IBk,false,false,false,0.14814814814814814,0.10256410256410256,0.6602474542572342,0.08241890688046971,16.0,92.0,2771.0,140.0,0.46794871794871795,1492
STORM,4,59.8270126413839,IBk,true,false,false,0.14948453608247422,0.1858974358974359,0.6651620588050906,0.1150200477451558,29.0,165.0,2698.0,127.0,0.27564102564102566,1435
STORM,4,59.8270126413839,IBk,true,true,false,0.10110803324099724,0.46794871794871795,0.6530792964167047,0.08885478709236937,73.0,649.0,2214.0,83.0,0.3548387096774194,1479
STORM,4,59.8270126413839,IBk,true,false,true,0.15384615384615385,0.16666666666666666,0.6651620588050906,0.11229504753637028,26.0,143.0,2720.0,130.0,0.27564102564102566,1443
STORM,5,89.0930646117368,RandomForest,false,false,false,0.9,0.038461538461538464,0.6578580150008722,0.05404913557779793,9.0,1.0,685.0,225.0,0.6452991452991453,2251
STORM,5,89.0930646117368,RandomForest,true,false,false,0.8421052631578947,0.06837606837606838,0.6640876130672049,0.09178623117194051,16.0,3.0,683.0,218.0,0.6196581196581197,2183
STORM,5,89.0930646117368,RandomForest,true,true,false,0.3659305993690852,0.49572649572649574,0.6329988039171712,0.18151292377371944,116.0,201.0,485.0,118.0,0.7478632478632479,1381
STORM,5,89.0930646117368,RandomForest,true,false,true,NaN,0.0,0.6351137524606912,0.0,0.0,0.0,686.0,234.0,0.44017094017094016,2340
STORM,5,89.0930646117368,NaiveBayes,false,false,false,0.4230769230769231,0.09401709401709402,0.6426951733074182,0.06760922004824416,22.0,30.0,656.0,212.0,0.09829059829059829,2150
STORM,5,89.0930646117368,NaiveBayes,true,false,false,0.3,0.02564102564102564,0.6334784829682789,0.007489300998573495,6.0,14.0,672.0,228.0,0.05982905982905983,2294
STORM,5,89.0930646117368,NaiveBayes,true,true,false,0.3181818181818182,0.05982905982905983,0.5935124965737211,0.02197577901755328,14.0,30.0,656.0,220.0,0.05555555555555555,2230
STORM,5,89.0930646117368,NaiveBayes,true,false,true,0.29411764705882354,0.021367521367521368,0.6334784829682789,0.005579376042769497,5.0,12.0,674.0,229.0,0.029914529914529916,2302
STORM,5,89.0930646117368,IBk,false,false,false,0.35365853658536583,0.12393162393162394,0.5371221748772769,0.05937926005769869,29.0,53.0,633.0,205.0,0.33476394849785407,2103
STORM,5,89.0930646117368,IBk,true,false,false,0.494949494949495,0.2094017094017094,0.5898526077097506,0.16855107911455688,49.0,50.0,636.0,185.0,0.43162393162393164,1900
STORM,5,89.0930646117368,IBk,true,true,false,0.36645962732919257,0.5042735042735043,0.6206268221574344,0.184089750127486,118.0,204.0,482.0,116.0,0.6623931623931624,1364
STORM,5,89.0930646117368,IBk,true,false,true,0.4835164835164835,0.18803418803418803,0.5898526077097506,0.14964978238147983,44.0,47.0,639.0,190.0,0.20512820512820512,1947
STORM,6,88.51925700493231,RandomForest,false,false,false,0.4,0.3346303501945525,0.6566833558800422,0.1913427849149209,86.0,129.0,708.0,171.0,0.7237354085603113,1839
STORM,6,88.51925700493231,RandomForest,true,false,false,0.328,0.15953307392996108,0.6671780353216277,0.07198479887348797,41.0,84.0,753.0,216.0,0.688715953307393,2244
STORM,6,88.51925700493231,RandomForest,true,true,false,0.34057971014492755,0.7315175097276264,0.6587590477385883,0.2122271410468337,188.0,364.0,473.0,69.0,0.8287937743190662,1054
STORM,6,88.51925700493231,RandomForest,true,false,true,0.5,0.0038910505836575876,0.6601583383307997,0.004108841802506494,1.0,1.0,836.0,256.0,0.5758754863813229,2561
STORM,6,88.51925700493231,NaiveBayes,false,false,false,0.2887323943661972,0.15953307392996108,0.6254271090470412,0.04599497136317872,41.0,101.0,736.0,216.0,0.19455252918287938,2261
STORM,6,88.51925700493231,NaiveBayes,true,false,false,0.10144927536231885,0.027237354085603113,0.5890316072316826,-0.06273779648668355,7.0,62.0,775.0,250.0,0.17898832684824903,2562
STORM,6,88.51925700493231,NaiveBayes,true,true,false,0.25,0.13229571984435798,0.5885713754422177,0.012465350879629036,34.0,102.0,735.0,223.0,0.8054474708171206,2332
STORM,6,88.51925700493231,NaiveBayes,true,false,true,0.08333333333333333,0.019455252918287938,0.5890316072316826,-0.06298305470980314,5.0,55.0,782.0,252.0,0.023346303501945526,2575
STORM,6,88.51925700493231,IBk,false,false,false,0.358695652173913,0.3852140077821012,0.5938872850508347,0.1694051736251182,99.0,177.0,660.0,158.0,0.5291828793774319,1757
STORM,6,88.51925700493231,IBk,true,false,false,0.3780487804878049,0.36186770428015563,0.6055860052345555,0.1817675621345892,93.0,153.0,684.0,164.0,0.5252918287937743,1793
STORM,6,88.51925700493231,IBk,true,true,false,0.32558139534883723,0.6536964980544747,0.6451775611434203,0.17634958427945807,168.0,348.0,489.0,89.0,0.7159533073929961,1238
STORM,6,88.51925700493231,IBk,true,false,true,0.3770491803278688,0.35797665369649806,0.6055860052345555,0.1795220001987328,92.0,152.0,685.0,165.0,0.35019455252918286,1802
STORM,7,69.59538416593631,RandomForest,false,false,false,0.1295238095238095,0.5666666666666667,0.6872312855807631,0.12912066120457766,136.0,914.0,3009.0,104.0,0.47280334728033474,1954
STORM,7,69.59538416593631,RandomForest,true,false,false,0.11221945137157108,0.5625,0.681488975274025,0.10066174085858903,135.0,1068.0,2855.0,105.0,0.48535564853556484,2118
STORM,7,69.59538416593631,RandomForest,true,true,false,0.09090909090909091,0.7916666666666666,0.6743855680176736,0.06654792280652531,190.0,1900.0,2023.0,50.0,0.4625,2400
STORM,7,69.59538416593631,RandomForest,true,false,true,0.1971153846153846,0.17083333333333334,0.6989697510408701,0.13682766215873277,41.0,167.0,3756.0,199.0,0.5291666666666667,2157
STORM,7,69.59538416593631,NaiveBayes,false,false,false,0.16906474820143885,0.39166666666666666,0.6682433724190671,0.16927677864613802,94.0,462.0,3461.0,146.0,0.35833333333333334,1922
STORM,7,69.59538416593631,NaiveBayes,true,false,false,0.24836601307189543,0.31666666666666665,0.6617289064491461,0.22853670398350398,76.0,230.0,3693.0,164.0,0.37916666666666665,1870
STORM,7,69.59538416593631,NaiveBayes,true,true,false,0.21428571428571427,0.4625,0.6727743436145807,0.23239283996705795,111.0,407.0,3516.0,129.0,0.4166666666666667,1697
STORM,7,69.59538416593631,NaiveBayes,true,false,true,0.3388888888888889,0.25416666666666665,0.6617251890559945,0.25359252975223506,61.0,119.0,3804.0,179.0,0.3541666666666667,1909
STORM,7,69.59538416593631,IBk,false,false,false,0.08415841584158416,0.07083333333333333,0.43714313025745605,0.02557647758056662,17.0,185.0,3738.0,223.0,0.15,2415
STORM,7,69.59538416593631,IBk,true,false,false,0.05913978494623656,0.1375,0.42803445492395276,0.0022650523830199543,33.0,525.0,3398.0,207.0,0.22083333333333333,2595
STORM,7,69.59538416593631,IBk,true,true,false,0.08984375,0.6708333333333333,0.6096652221938992,0.06320864065220735,161.0,1631.0,2292.0,79.0,0.4041666666666667,2421
STORM,7,69.59538416593631,IBk,true,false,true,0.05904059040590406,0.13333333333333333,0.42804242076642024,0.0020939429894640373,32.0,510.0,3413.0,208.0,0.2,2590
STORM,8,90.49570389953735,RandomForest,false,false,false,0.8333333333333334,0.024875621890547265,0.539326407574094,0.040534590555927875,5.0,1.0,1236.0,196.0,0.42786069651741293,1961
STORM,8,90.49570389953735,RandomForest,true,false,false,0.8333333333333334,0.024875621890547265,0.5298507462686567,0.040534590555927875,5.0,1.0,1236.0,196.0,0.4228855721393035,1961
STORM,8,90.49570389953735,RandomForest,true,true,false,0.30685920577617326,0.4228855721393035,0.6259446502330707,0.23108279370149845,85.0,192.0,1045.0,116.0,0.4577114427860697,1352
STORM,8,90.49570389953735,RandomForest,true,false,true,NaN,0.0,0.5419165289156481,0.0,0.0,0.0,1237.0,201.0,0.44776119402985076,2010
STORM,8,90.49570389953735,NaiveBayes,false,false,false,1.0,0.004975124378109453,0.6902934800532503,0.008528858153436396,1.0,0.0,1237.0,200.0,0.39,2000
STORM,8,90.49570389953735,NaiveBayes,true,false,false,1.0,0.004975124378109453,0.6771598756420002,0.008528858153436396,1.0,0.0,1237.0,200.0,0.395,2000
STORM,8,90.49570389953735,NaiveBayes,true,true,false,0.8,0.03980099502487562,0.6303607266818696,0.0634205973319796,8.0,2.0,1235.0,193.0,0.19,1932
STORM,8,90.49570389953735,NaiveBayes,true,false,true,1.0,0.004975124378109453,0.6771598756420002,0.008528858153436396,1.0,0.0,1237.0,200.0,0.395,2000
STORM,8,90.49570389953735,IBk,false,false,false,0.6363636363636364,0.06965174129353234,0.45073138752478514,0.10076002950325486,14.0,8.0,1229.0,187.0,0.365,1878
STORM,8,90.49570389953735,IBk,true,false,false,0.56,0.06965174129353234,0.449480568057047,0.09593634302624636,14.0,11.0,1226.0,187.0,0.37,1881
STORM,8,90.49570389953735,IBk,true,true,false,0.28903654485049834,0.43283582089552236,0.565911348672965,0.21503676311506234,87.0,214.0,1023.0,114.0,0.4129353233830846,1354
STORM,8,90.49570389953735,IBk,true,false,true,0.6666666666666666,0.04975124378109453,0.449480568057047,0.0746278457406644,10.0,5.0,1232.0,191.0,0.36,1915
STORM,9,91.68030055141489,RandomForest,false,false,false,1.0,0.0546218487394958,0.7710879946692333,0.08719547328142759,13.0,0.0,1135.0,225.0,0.5527426160337553,2250
STORM,9,91.68030055141489,RandomForest,true,false,false,1.0,0.05042016806722689,0.7702439566134824,0.08070202466092687,12.0,0.0,1135.0,226.0,0.5527426160337553,2260
STORM,9,91.68030055141489,RandomForest,true,true,false,0.45,0.6050420168067226,0.7740532336282531,0.3960548309422723,144.0,176.0,959.0,94.0,0.5672268907563025,1116
STORM,9,91.68030055141489,RandomForest,true,false,true,NaN,0.0,0.7813663791507792,0.0,0.0,0.0,1135.0,238.0,0.5168067226890757,2380
STORM,9,91.68030055141489,NaiveBayes,false,false,false,NaN,0.0,0.5802891200533077,0.0,0.0,0.0,1135.0,238.0,0.4472573839662447,2380
STORM,9,91.68030055141489,NaiveBayes,true,false,false,NaN,0.0,0.5800521970902899,0.0,0.0,0.0,1135.0,238.0,0.4472573839662447,2380
STORM,9,91.68030055141489,NaiveBayes,true,true,false,0.7857142857142857,0.046218487394957986,0.5623921815422204,0.06937748281918572,11.0,3.0,1132.0,227.0,0.1729957805907173,2273
STORM,9,91.68030055141489,NaiveBayes,true,false,true,NaN,0.0,0.5800521970902899,0.0,0.0,0.0,1135.0,238.0,0.4472573839662447,2380
STORM,9,91.68030055141489,IBk,false,false,false,1.0,0.10504201680672269,0.7741865027949506,0.16251478383385998,25.0,0.0,1135.0,213.0,0.542016806722689,2130
STORM,9,91.68030055141489,IBk,true,false,false,1.0,0.10084033613445378,0.770752970791841,0.15641598383012462,24.0,0.0,1135.0,214.0,0.5504201680672269,2140
STORM,9,91.68030055141489,IBk,true,true,false,0.4128686327077748,0.6470588235294118,0.7664143190315774,0.37095962077855327,154.0,219.0,916.0,84.0,0.5672268907563025,1059
STORM,9,91.68030055141489,IBk,true,false,true,1.0,0.02100840336134454,0.7707363121460038,0.03426322001817326,5.0,0.0,1135.0,233.0,0.5168067226890757,2330
STORM,10,84.12601315185809,RandomForest,false,false,false,0.7922077922077922,0.15926892950391644,0.8087053872327489,0.23366276944762837,61.0,16.0,2715.0,322.0,0.6370757180156658,3236
STORM,10,84.12601315185809,RandomForest,true,false,false,0.7534246575342466,0.14360313315926893,0.7895963853751483,0.21012326383034233,55.0,18.0,2713.0,328.0,0.6057441253263708,3298
STORM,10,84.12601315185809,RandomForest,true,true,false,0.30335861321776814,0.7310704960835509,0.7857554640511754,0.3085902830648602,280.0,643.0,2088.0,103.0,0.5613577023498695,1673
STORM,10,84.12601315185809,RandomForest,true,false,true,NaN,0.0,0.7913746339532665,0.0,0.0,0.0,2731.0,383.0,0.5953002610966057,3830
STORM,10,84.12601315185809,NaiveBayes,false,false,false,0.6363636363636364,0.018276762402088774,0.7441382330136629,0.02886359346404171,7.0,4.0,2727.0,376.0,0.2558746736292428,3764
STORM,10,84.12601315185809,NaiveBayes,true,false,false,0.5,0.007832898172323759,0.7085914263561297,0.011674331883157847,3.0,3.0,2728.0,380.0,0.35509138381201044,3803
STORM,10,84.12601315185809,NaiveBayes,true,true,false,0.5714285714285714,0.010443864229765013,0.7970258314507163,0.016169078106157878,4.0,3.0,2728.0,379.0,0.5013054830287206,3793
STORM,10,84.12601315185809,NaiveBayes,true,false,true,0.5,0.005221932114882507,0.7085914263561297,0.007813292913629616,2.0,2.0,2729.0,381.0,0.34464751958224543,3812
STORM,10,84.12601315185809,IBk,false,false,false,0.7699115044247787,0.22715404699738903,0.589803465290213,0.31226500117285116,87.0,26.0,2705.0,296.0,0.4464751958224543,2986
STORM,10,84.12601315185809,IBk,true,false,false,0.6148148148148148,0.21671018276762402,0.5739684485163575,0.2739152726275502,83.0,52.0,2679.0,300.0,0.4281984334203655,3052
STORM,10,84.12601315185809,IBk,true,true,false,0.2649140546006067,0.6840731070496083,0.7106062967208523,0.24870648229759937,262.0,727.0,2004.0,121.0,0.5143603133159269,1937
STORM,10,84.12601315185809,IBk,true,false,true,0.5957446808510638,0.1462140992167102,0.5739282945162064,0.19581795052123488,56.0,38.0,2693.0,327.0,0.4046997389033943,3308
STORM,11,92.67728067274531,RandomForest,false,false,false,0.9767441860465116,0.1590909090909091,0.8101848579103633,0.23722155773194506,42.0,1.0,1285.0,222.0,0.5643939393939394,2221
STORM,11,92.67728067274531,RandomForest,true,false,false,0.7894736842105263,0.056818181818181816,0.7438704698619162,0.08508275434069514,15.0,4.0,1282.0,249.0,0.5189393939393939,2494
STORM,11,92.67728067274531,RandomForest,true,true,false,0.3727810650887574,0.4772727272727273,0.7290783024647721,0.2811103631419651,126.0,212.0,1074.0,138.0,0.5037878787878788,1592
STORM,11,92.67728067274531,RandomForest,true,false,true,NaN,0.0,0.7625329893020406,0.0,0.0,0.0,1286.0,264.0,0.5,2640
STORM,11,92.67728067274531,NaiveBayes,false,false,false,0.375,0.011363636363636364,0.6836635209010792,0.012161695928850722,3.0,5.0,1281.0,261.0,0.011363636363636364,2615
STORM,11,92.67728067274531,NaiveBayes,true,false,false,0.42857142857142855,0.011363636363636364,0.6747608275602055,0.013459700158999015,3.0,4.0,1282.0,261.0,0.3409090909090909,2614
STORM,11,92.67728067274531,NaiveBayes,true,true,false,0.625,0.03787878787878788,0.6475652716904661,0.05299469865022354,10.0,6.0,1280.0,254.0,0.311787072243346,2546
STORM,11,92.67728067274531,NaiveBayes,true,false,true,0.42857142857142855,0.011363636363636364,0.6747608275602055,0.013459700158999015,3.0,4.0,1282.0,261.0,0.056818181818181816,2614
STORM,11,92.67728067274531,IBk,false,false,false,0.8461538461538461,0.125,0.5825748739337386,0.18195422417594123,33.0,6.0,1280.0,231.0,0.4621212121212121,2316
STORM,11,92.67728067274531,IBk,true,false,false,0.918918918918919,0.12878787878787878,0.5888251684810782,0.19208346942153978,34.0,3.0,1283.0,230.0,0.4621212121212121,2303
STORM,11,92.67728067274531,IBk,true,true,false,0.3988439306358382,0.5227272727272727,0.6444298152599086,0.3213268800176192,138.0,208.0,1078.0,126.0,0.48484848484848486,1468
STORM,11,92.67728067274531,IBk,true,false,true,0.9,0.10227272727272728,0.5888251684810782,0.15427636066021036,27.0,3.0,1283.0,237.0,0.38636363636363635,2373
STORM,12,93.10314493072356,RandomForest,false,false,false,0.88,0.07829181494661921,0.8409153124455615,0.11796254707380223,22.0,3.0,1284.0,259.0,0.5658362989323843,2593
STORM,12,93.10314493072356,RandomForest,true,false,false,0.9552238805970149,0.2277580071174377,0.8330927672564683,0.3209582488533693,64.0,3.0,1284.0,217.0,0.5587188612099644,2173
STORM,12,93.10314493072356,RandomForest,true,true,false,0.5,0.6441281138790036,0.8296017940146054,0.45251124530927717,181.0,181.0,1106.0,100.0,0.5373665480427047,1181
STORM,12,93.10314493072356,RandomForest,true,false,true,1.0,0.0071174377224199285,0.855598138516288,0.011630744204961567,2.0,0.0,1287.0,279.0,0.5587188612099644,2790
STORM,12,93.10314493072356,NaiveBayes,false,false,false,0.6,0.010676156583629894,0.6356433206967015,0.014805739187412223,3.0,2.0,1285.0,278.0,0.010676156583629894,2782
STORM,12,93.10314493072356,NaiveBayes,true,false,false,0.5714285714285714,0.014234875444839857,0.6388937278616994,0.01923377638780295,4.0,3.0,1284.0,277.0,0.34519572953736655,2773
STORM,12,93.10314493072356,NaiveBayes,true,true,false,0.7,0.02491103202846975,0.6133467165495635,0.036239537752846565,7.0,3.0,1284.0,274.0,0.44285714285714284,2743
STORM,12,93.10314493072356,NaiveBayes,true,false,true,0.6666666666666666,0.014234875444839857,0.6388937278616994,0.020535370451634984,4.0,2.0,1285.0,277.0,0.06405693950177936,2772
STORM,12,93.10314493072356,IBk,false,false,false,0.8571428571428571,0.10676156583629894,0.6341570647620469,0.15638332303527858,30.0,5.0,1282.0,251.0,0.5231316725978647,2515
STORM,12,93.10314493072356,IBk,true,false,false,0.8648648648648649,0.11387900355871886,0.6420597986434285,0.1664985455078166,32.0,5.0,1282.0,249.0,0.5195729537366548,2495
STORM,12,93.10314493072356,IBk,true,true,false,0.4731182795698925,0.6263345195729537,0.7946021949580668,0.4207844484806834,176.0,196.0,1091.0,105.0,0.5160142348754448,1246
STORM,12,93.10314493072356,IBk,true,false,true,0.8,0.0711743772241993,0.6420625637707488,0.10449632641844056,20.0,5.0,1282.0,261.0,0.47330960854092524,2615
STORM,13,87.97353248461866,RandomForest,false,false,false,0.14759036144578314,0.23902439024390243,0.6645614713122674,0.1099006051370102,49.0,283.0,2620.0,156.0,0.553921568627451,1843
STORM,13,87.97353248461866,RandomForest,true,false,false,0.2,0.21951219512195122,0.6883913193248363,0.15067634364526292,45.0,180.0,2723.0,160.0,0.5931372549019608,1780
STORM,13,87.97353248461866,RandomForest,true,true,false,0.12367491166077739,0.6829268292682927,0.7068717810843282,0.11002157519513578,140.0,992.0,1911.0,65.0,0.5219512195121951,1642
STORM,13,87.97353248461866,RandomForest,true,false,true,1.0,0.00975609756097561,0.67474521731094,0.01807213914862367,2.0,0.0,2903.0,203.0,0.5658536585365853,2030
STORM,13,87.97353248461866,NaiveBayes,false,false,false,0.25,0.01951219512195122,0.6302630584004772,0.02690546046790505,4.0,12.0,2891.0,201.0,0.16585365853658537,2022
STORM,13,87.97353248461866,NaiveBayes,true,false,false,0.38461538461538464,0.024390243902439025,0.6208783176360871,0.03830625366326735,5.0,8.0,2895.0,200.0,0.4926829268292683,2008
STORM,13,87.97353248461866,NaiveBayes,true,true,false,0.14563106796116504,0.07317073170731707,0.6247078295791569,0.0557465624228167,15.0,88.0,2815.0,190.0,0.47804878048780486,1988
STORM,13,87.97353248461866,NaiveBayes,true,false,true,0.5,0.014634146341463415,0.6208783176360871,0.024777753287782273,3.0,3.0,2900.0,202.0,0.3170731707317073,2023
STORM,13,87.97353248461866,IBk,false,false,false,0.18930041152263374,0.22439024390243903,0.6059786763902775,0.14411558579590558,46.0,197.0,2706.0,159.0,0.4975609756097561,1787
STORM,13,87.97353248461866,IBk,true,false,false,0.16733067729083664,0.2048780487804878,0.5878082387437722,0.12033586489928802,42.0,209.0,2694.0,163.0,0.47317073170731705,1839
STORM,13,87.97353248461866,IBk,true,true,false,0.11906744379683597,0.697560975609756,0.6864437965771322,0.10225256986701016,143.0,1058.0,1845.0,62.0,0.5245098039215687,1678
STORM,13,87.97353248461866,IBk,true,false,true,0.17703349282296652,0.18048780487804877,0.5878183208287474,0.12014933947920979,37.0,172.0,2731.0,168.0,0.44390243902439025,1852
STORM,14,89.0707934100779,RandomForest,false,false,false,0.22580645161290322,0.04093567251461988,0.6990068226120858,0.05364320411467739,7.0,24.0,2976.0,164.0,0.4502923976608187,1664
STORM,14,89.0707934100779,RandomForest,true,false,false,0.1791044776119403,0.14035087719298245,0.7424152046783625,0.11546389067073926,24.0,110.0,2890.0,147.0,0.5263157894736842,1580
STORM,14,89.0707934100779,RandomForest,true,true,false,0.12162162162162163,0.6842105263157895,0.7646179337231969,0.12654504542183073,117.0,845.0,2155.0,54.0,0.47953216374269003,1385
STORM,14,89.0707934100779,RandomForest,true,false,true,NaN,0.0,0.7595984405458089,0.0,0.0,0.0,3000.0,171.0,0.6081871345029239,1710
STORM,14,89.0707934100779,NaiveBayes,false,false,false,0.7142857142857143,0.029239766081871343,0.7111734892787525,0.05215961739650147,5.0,2.0,2998.0,166.0,0.3684210526315789,1662
STORM,14,89.0707934100779,NaiveBayes,true,false,false,0.25,0.017543859649122806,0.682780701754386,0.025897752300027742,3.0,9.0,2991.0,168.0,0.5087719298245614,1689
STORM,14,89.0707934100779,NaiveBayes,true,true,false,0.18253968253968253,0.13450292397660818,0.6773499025341131,0.11435915410678768,23.0,103.0,2897.0,148.0,0.5146198830409356,1583
STORM,14,89.0707934100779,NaiveBayes,true,false,true,0.4,0.011695906432748537,0.682780701754386,0.01972371698784652,2.0,3.0,2997.0,169.0,0.391812865497076,1693
STORM,14,89.0707934100779,IBk,false,false,false,0.16,0.04678362573099415,0.39757504873294347,0.04919766385691726,8.0,42.0,2958.0,163.0,0.23976608187134502,1672
STORM,14,89.0707934100779,IBk,true,false,false,0.20689655172413793,0.07017543859649122,0.4123421052631579,0.07966327020357503,12.0,46.0,2954.0,159.0,0.25146198830409355,1636
STORM,14,89.0707934100779,IBk,true,true,false,0.0837920489296636,0.8011695906432749,0.6782456140350878,0.05992736358612109,137.0,1498.0,1502.0,34.0,0.47953216374269003,1838
STORM,14,89.0707934100779,IBk,true,false,true,0.23684210526315788,0.05263157894736842,0.4123430799220273,0.06784528652097785,9.0,29.0,2971.0,162.0,0.21052631578947367,1649
STORM,15,89.70720093992517,RandomForest,false,false,false,0.3150684931506849,0.1402439024390244,0.7703155704542828,0.1688694154077815,23.0,50.0,3115.0,141.0,0.5487804878048781,1460
STORM,15,89.70720093992517,RandomForest,true,false,false,0.33986928104575165,0.3170731707317073,0.7720610334065426,0.29452726022749753,52.0,101.0,3064.0,112.0,0.6097560975609756,1221
STORM,15,89.70720093992517,RandomForest,true,true,false,0.10214592274678111,0.725609756097561,0.7595335799329558,0.10147692263541834,119.0,1046.0,2119.0,45.0,0.4451219512195122,1496
STORM,15,89.70720093992517,RandomForest,true,false,true,0.2857142857142857,0.012195121951219513,0.7665067622240204,0.019436894471067313,2.0,5.0,3160.0,162.0,0.5426829268292683,1625
STORM,15,89.70720093992517,NaiveBayes,false,false,false,0.5454545454545454,0.07317073170731707,0.7834980541748545,0.11876243917264914,12.0,10.0,3155.0,152.0,0.21951219512195122,1530
STORM,15,89.70720093992517,NaiveBayes,true,false,false,0.3157894736842105,0.036585365853658534,0.701781104303934,0.055916082756333065,6.0,13.0,3152.0,158.0,0.3475609756097561,1593
STORM,15,89.70720093992517,NaiveBayes,true,true,false,0.3333333333333333,0.03048780487804878,0.7140089777675028,0.04800573970634807,5.0,10.0,3155.0,159.0,0.4573170731707317,1600
STORM,15,89.70720093992517,NaiveBayes,true,false,true,0.375,0.036585365853658534,0.701781104303934,0.05842026223458308,6.0,10.0,3155.0,158.0,0.3231707317073171,1590
STORM,15,89.70720093992517,IBk,false,false,false,0.33035714285714285,0.22560975609756098,0.5382508765845953,0.237634740178762,37.0,75.0,3090.0,127.0,0.3475609756097561,1345
STORM,15,89.70720093992517,IBk,true,false,false,0.3576158940397351,0.32926829268292684,0.6209301429507186,0.31028108100533697,54.0,97.0,3068.0,110.0,0.47560975609756095,1197
STORM,15,89.70720093992517,IBk,true,true,false,0.09694793536804308,0.6585365853658537,0.6636275189766115,0.09093999336602314,108.0,1006.0,2159.0,56.0,0.39634146341463417,1566
STORM,15,89.70720093992517,IBk,true,false,true,0.3951612903225806,0.29878048780487804,0.6209185835934189,0.31105132450331086,49.0,75.0,3090.0,115.0,0.4695121951219512,1225
